peptide,sequence,MIC,MIC_0
2121,GGAGHVPEYFVGIGTPISFYG,0.03,1
2015,RRWCFRVCYRGFCYRKCR,0.13,1
759,ACYCRIPACIAGERRYGTCIYQGRLWAFCC,0.5,1
2012,KWKSFLKTFKSAVKTVLHTALKAISS,0.5,1
2013,KWKSFLRTLKSPAKTVFHTALKAISS,0.5,1
5401,CYCRIPACIAGERRYGTCIYQGRLWAFCC,0.5,1
6785,DCYCRIPACIAGERRYGTCIYQGRLWAFCC,0.5,1
17218,GFCWYVCARRNGARVCYRRCN,0.5,1
4676,VCYCRRRFCVCVGR,0.6,1
4680,RGGRLCYCRRRFCVCI,0.6,1
4681,RGGRLCYCRRRFCVCE,0.6,1
4682,LCYCRRRFCVC,0.6,1
4677,ECYCRRRFCVCVGR,0.7,1
4678,RGGRLCYCRRRFCVCT,0.7,1
12172,LNLKKILGKIGVMLSHLN,0.8,1
4675,RGGRLCYCRRRFCVCVGR,0.9,1
102,ALWKTLLKKVLKAAAKAALKAVLVGANA,1,1
887,RAGLQFPVGRLLRRLLRRLLR,1,1
1273,FLGGLIKIVPAMICAVTKKC,1,1
1430,KRFGRLAKSFLRMRILLPRRKILLAS,1,1
3198,SSLLEKGLDGAKKAVGGLGKLGKDAVEDLESVGKGAVHDVKDVLDSVL,1,1
4782,RCYARRRFAVCR,1,1
8974,GGLKKLGKKLEGAGKRVFKASEKALPVVVGIKAIGK,1,1
9490,GSKKPVPIIYCNRRTGKCQRM,1,1
4762,RCYCRRRFCVCVGR,1.1,1
13256,TRGRWKRFWRGAGRFFRRHKEKIIRAAVDIVLS,1.17,1
4787,LCYTRPRFTVCV,1.4,1
354,RLLRRLLRRLLRRLLRRLLR,2,1
873,RAGLQFPVGRVHRLLRK,2,1
2014,KWKSFLRTFKSPVRTVFHTALKPISS,2,1
683,RGGRLAYCRRRFCVAVGR,2.1,1
4757,RGGRLCYCRGWICFCVGR,2.1,1
675,LCYCRRRFCVCVGR,2.2,1
4756,RGGGLCYCRRRFCVCVGR,2.3,1
4770,RGGRLCYCRRRFCVCR,2.3,1
4758,RGGRLCYCRPRFCVCVGR,2.9,1
4780,RCYCRRRFCVCR,2.9,1
3807,GICRCICGRGICRCICGR,3,1
4785,RAYCRRRFCVAR,3,1
10340,KRFKKFFKKLKNSVKKRAKKFFKK,3,1
10341,KRFKKFFKKLKKFVKKGFKKFAKV,3,1
4867,FFHHIFRGIVHVGKTIHRLVTG,3.1,1
5569,FIHHIFRGIVHAGRSIGRFLTG,3.1,1
10891,GSKRWRKFEKRVKKVFEHTKEALPVIQGVATVVGAVGRR,3.12,1
13044,RRFKLLSHSLLVTLASHL,3.125,1
1483,AALKGCWTKSIPPKPCFGKR,3.21,1
1506,VIPFVASVAAEMMQHVYCAASKKC,3.5,1
11496,VNFLLHKIYGNIRYS,3.9,1
11503,VNFLLHKIYGNIRDS,3.9,1
5623,FIHHIIGGLFSAGKAIHRLIRRRRR,3.91,1
564,GKPRPYSPRPTSHPRPIRV,4,1
872,TRSSRAGLQFPVGRVHRLLRK,4,1
874,AGLQFPVGRVHRLLRK,4,1
875,GLQFPVGRVHRLLRK,4,1
2434,QWGRRCCGWGPGRRYCRRWC,4,1
3955,FLKKVFKLASKVFPAVFGKV,4,1
5467,GSKKPVPIIYCNRRSGKCQRM,4,1
7011,KFFRKLKKSVKKRAKKFFKKPRVIGVSIPF,4,1
10339,FKKFFKKLKNSVKKRAKKFFKKPRVIGVSIPF,4,1
10343,AKKFFKKPRVIGVSIPF,4,1
17266,KFFKKLKKAVKKGFKKFAKV,4,1
17272,KFFKKLKKAVKKGFKKFAKV,4,1
17273,KFFKKLKKAVKKGFKKFAKV,4,1
18441,KKFATIAKKFINWLW,4,1
1493,GFMDTAKNAAKNVAVTLLDNLKCKITKAC,4.2,1
1494,FMPILSCSRFKRC,4.68,1
1501,GLFTLIKGAAKLIGKTVPKKQARLGMNLWLVKLPTNVKT,4.68,1
1525,GLLSGVLGVGKKVLCGLSGLC,4.68,1
1526,GLLSGILGAGKHIVCGLSGLR,4.68,1
13254,RRSRFGRFFKKVRKQLGRVLRHSRITVGGRMRF,4.69,1
13255,RRSIFRKLRRKIKKGLKKGIQHLLAGGRQGLPQGGRPGMI,4.69,1
12376,TRSRWRRFIRGAGRFARRYGWRIA,4.7,1
2252,GILKKFMLHRGTKVYKMRTLSKRSH,5,1
5741,KKLLPIVANLLKSLL,5,1
14969,KRGLWESLKRKVTKLGDDIRNTLRNFKIKFPVPRQG,5.2,1
1507,GLLSGILGAGKHIVCGLSGPCQSLNRKSSDVEYHLAKC,6.25,1
2141,DLHIPPPDNKINWPQLSGGGGGSPKTGYDININAQQK,6.25,1
7699,KFFKKLKNSVKKRAKKFFKKPRVIGVSIPF,6.25,1
10889,GSKRWRKFEKRVKKIFEETKEALPVVQGVVAVATAVGRR,6.25,1
13042,KLLRHRLLVTLA,6.25,1
640,FLKALFKVASKVL,6.3,1
11502,VNFLLHKIYDNIRYS,7.8,1
876,LQFPVGRVHRLLRK,8,1
1231,RQRVEELSKFSKKGAAARRRK,8,1
2158,AGRGKQGGKVRAKAKTRSSRAGLQFPVGRVHRLLRKGNY,8,1
5547,SGRGKQGGKVRAKAKTRSSRAGLQFPVGRVHRLLRKGNY,8,1
5620,SPIHACRYQRGVCIPGPCRWPYYRVGSCGSGLKSCCVRNRWA,8,1
5670,YSKSLPLSVLNP,8,1
12135,HGVSGHGQHGTHG,8,1
17264,KFFKKLKKAVKKGFKKFAKV,8,1
17265,KFFKKLKKAVKKGFKKFAKV,8,1
17267,KFFKKLKKAVKKGFKKFAKV,8,1
17268,KFFKKLKKAVKKGFKKFAKV,8,1
17269,KFFKKLKKAVKKGFKKFAKV,8,1
17270,KFFKKLKKAVKKGFKKFAKV,8,1
17271,KFFKKLKKAVKKGFKKFAKV,8,1
18437,KKFATIAKKFINYLW,8,1
18439,KKFATIAKKFINKLW,8,1
1484,GVLGAVKDLLIGAGKSAAQSVLKTLSCKLSNDC,8.21,1
1492,GLGGAKKNFIIAANKTAPQSVKKTFSCKLYNG,9.37,1
1503,ATAWDFGPHGLLPIRPIRIRPLCGKDKS,9.37,1
1543,GLLSGILGAGKQKVCGLSGLC,9.37,1
9847,KKCKFFCKVKKKIKSIGFQIPIVSIPFK,9.38,1
10591,TRRKFWKKVLNGALKIAPFLLG,9.38,1
10592,TRWLWLLRGGLKAAGWGIRAHLNRNQ,9.38,1
5545,GVVKVSRLKGESLRARL,10,1
5546,IIKVPLKKFKSMREVMRDHGIKAPVVDPATKY,10,1
16456,GILDTLKQFAKGVGKWLVKGAAQGVLSTVSCKLAKTC,10,1
10342,FKKFFKKLKNSVKKR,12,1
15626,SSRRKPCKGWLCKLKLRGGYTLIGSATNLNRPTYVRA,12,1
15627,SSRRKPCKGWLCKLKLRGGYTLIGSATNLNRP,12,1
15628,SSRRKPCKGWLCKLKLRGGYTL,12,1
360,GIGKFLHSAKKFGKAFVGEIMNS,12.5,1
626,FLGALFKVASKVLPSVKCAITKKC,12.5,1
643,WLGALFKVASKVL,12.5,1
671,FLGWLFKWASK,12.5,1
7702,KFFKKLKKAVKKGFKKFAKV,12.5,1
12240,TSVRQRWRWRQRVRTS,12.5,1
12966,VNFKLLSHSLLVTLASHL,12.5,1
12967,KLLSHSLLVTLA,12.5,1
13043,VRFKLLSHSLLVTLASHL,12.5,1
1523,GLFGKSSVWGRKYYVDLAGCAKA,12.6,1
2251,FLPKMSTKLRVPYRRGTKDYH,15,1
11501,VNGLLHKIYGNIRYS,15.6,1
881,RAGLQFPVGRVHRLLR,16,1
885,RKGLQKLVGRVHRLLRK,16,1
888,RAGLQFPVGGIGKFLHSAKKFGK,16,1
3951,FLGKVFKLASKVFPAVFGKV,16,1
3957,FLGKVFKLASKVFKAVFGKV,16,1
3958,FLGKVFKLASKVFPKVFGKV,16,1
3959,FLGKVFKLASKVFPAVFKKV,16,1
3988,FLGKVFKLASKVFGAVFGKV,16,1
7012,KFFRKLAKSVKKAAKEFFKKPRVIGVSIPF,16,1
7038,GGLRSLGRKILRAWKKYGPIIVPIIRIG,16,1
9230,FLGGLIKIVPAMICAVTKKCHHHHHH,16,1
12129,HGVSGHGQHGVHG,16,1
17263,KFFKKLKKAVKKGFKKFAKV,16,1
18789,GWWRRTVKKVRNAVRKV,16,1
18790,GWWRRTVRRVRNAVRRV,16,1
1491,GFLDTFKNLALNAAKSAGVSVLNSLSCKLFKTC,16.32,1
1520,TSRCYIGYRRKVVCS,17.5,1
160,VRRFPWWWPFLRR,20,1
3001,KRFKKFFKKLKNSVKKRAKKFFKKPRVIGVSIPF,20,1
11733,DLIWKLLVKAQEKFGRGKPSKRVKKMRRQWQACKSSHHHHHH,22.5,1
1495,GIFGKILGVGKKVLCGLSGVC,23.6,1
4612,GFFALIPKIISSPLFKTLLSAVGSALSSSGEQE,24,1
634,FLGALFKVASKVL,25,1
655,FLGALFKWASK,25,1
926,FLGWLFKVASK,25,1
3082,GILDTLKQFAKGVGKDLVKGAAQGVLSTVS,25,1
3083,GILDTLKQFAKGVGKDLVKGAAQGVLSTV,25,1
3084,GILDTLKQFAKGVGKDLVKGAAQGVLST,25,1
3085,GILDTLKQFAKGVGKDLVKGAAQGVLS,25,1
3086,GILDTLKQFAKGVGKDLVKGAAQGVL,25,1
4205,GIFSKLAGKKIKNLLISGLKNIGKEVGMDVVRTGIDIAGCKIKGEC,25,1
5556,SLFSLIKAGAKFLGKNLLKQGACYAACKASKQC,25,1
12453,KLLKHKLLVTLA,25,1
16020,EPRWKVFKKIEKMGRNIRDGIIKAGPAVAVLGDAKALGK,25,1
16458,GILDTLKQFAKGVGKWLVKGAAQ,25,1
16459,GILDTLKQFAKGVGKFLVKGAAQ,25,1
19460,AEFLREKLGDKCTDRHV,31.25,1
877,QFPVGRVHRLLRK,32,1
878,FPVGRVHRLLRK,32,1
879,PVGRVHRLLRK,32,1
884,RAGLQFLVGRVHRLLRK,32,1
2351,GANAAKKFATIAKKFINYLW,32,1
3950,FLKVVFKLASKVFPAVFGKV,32,1
3956,FLGKVFKKASKVFPAVFGKV,32,1
3961,FLGVVFKKASKVFKAVFGKV,32,1
3981,FLGKVFKKVSKVFPAVFGKV,32,1
3982,FLGKVFKKAVKVFPAVFGKV,32,1
3992,FLGKVFKGASKVFGAVFGKV,32,1
3993,FLGGVFKKASKVFGAVFGKV,32,1
7236,KWKARKNFIKGSSLGWLIQLFRKR,32,1
7676,VQWRIRIAVIRA,32,1
7680,VQWRIRVAVIRK,32,1
7681,VQLRIRVCVIRK,32,1
9676,KRIGLIRLIGKILRGLRRLG,32,1
10450,RLLRKFFRKLKKSV,32,1
19122,SYEKKINRHFKILKKNLKKK,32,1
1499,GLFTLIKCAYQLIAPTVACN,35.6,1
1522,GLLSGTSVRGSI,36,1
1519,FLPPSPWKETFRTS,42.5,1
641,FLKALFKVALKVL,50,0
642,ALGALFKVASKVL,50,0
918,FLGALFKVASKVLPSVFCAITKKC,50,0
3087,GILDTLKQFAKGVGKDLVKGAAQGV,50,0
3088,GILDTLKQFAKGVGKDLVKGAAQG,50,0
3351,GLMSVLGHAVGNVLGGLFKPKS,50,0
5359,FFRHLFRGAKAIFRGARQGWRAHKVVSRYRNRDVPETDNNQEEP,50,0
5548,AVVKVPLKKFKSIRE,50,0
5549,AVVKVPLKKFKSIRETMKEKGLLEDF,50,0
12241,KRSKRKRRIHQRVRIS,50,0
12242,TLSKEKERIVQRVRTS,50,0
882,RAGLQFPVGRVHRLL,64,0
3949,FLGVVFKLASKVFPAVFGKV,64,0
3954,FLGVVFKLASKVFPAVFKKV,64,0
3964,FLGGVFKLASKVFPAVFGKV,64,0
3965,FLGSVFKLASKVFPAVFGKV,64,0
3989,FLGVVFKKASKVFGAVFGKV,64,0
3990,FLGVVFKLASKVFGKVFGKV,64,0
3995,FLFRVASKVFPALIGKFKKK,64,0
4001,FLFGLASKVFPAVYCKVTRK,64,0
4062,GKKLAKTIAKEVAKQGAKFA,64,0
9675,KRMGIFHLFWAGLRKLGNLIKNKIQQGIENFLG,64,0
9677,KRIRFFERIRDRLRDLGNRIKNRIRDFFS,64,0
9704,GPDSCNHDRGLCRVGNCNPGEYLAKYCFEPVILCCKPLSPTPTKT,64,0
10878,LPRRNRWSKIWKKVVTVFS,64,0
18037,KWKYPKLLKKLLK,64,0
19005,GIINTLQRYYCRIRSGRCALLSCLPKEEQIGRCSSTGRKCCRRKK,64,0
916,GILDTLKQFAKGVGKDLVKGAAQGVLSTVSCKLAKTC,75,0
5557,GIMSIVKDVAKNAAKEAAKGALSTLSCKLAKTC,75,0
5558,GIMSIVKDVAKTAAKEAAKGALSTLSCKLAKTC,75,0
5559,GILDTLKQFAKGVGKDLVKGAAQGVLSTVSCKLALTC,75,0
15870,KFFKKLKKSVKKHVKKFFKKPKVIGVSIPF,75,0
645,FWGALFKVASK,100,0
646,FLWALFKVASK,100,0
663,FLGALFKVAWK,100,0
667,FLGFLFKVASK,100,0
668,FLGALFKLASK,100,0
670,FLGALFKFASK,100,0
1262,GLMSSIGKALGGLIVDVLKPKTPAS,100,0
1325,GLFDVIKKVASVIGLASP,100,0
1335,GLIGSIGKALGGLLVDVLKPKL,100,0
1337,GLIGSIGKALGGLLVDVLKPKLQAAS,100,0
1521,GCSRWIIGIHGQICRD,100,0
1524,GLLSGILGAGKHIVCGLSGLC,100,0
1542,GLLSGILGAGKHIICGLSGLC,100,0
2318,FLPLLAGLAANFLPTIICKISYKC,100,0
3918,GLVSSIGRALGGLLADVVKSKGQPA,100,0
3919,GLWEKIKEKASELVSGIVEGVK,100,0
5427,SDYLNNNPLFPRYDIGNVELSTAYRSFANQKAPGRLNQNWALTADYTYR,100,0
5708,GLFGVLAKVAAHVVPAIAEHF,100,0
5732,LLPIVGNLLKSLL,100,0
19175,CLGVGSCNDFAGCGYAIVCFW,100,0
19176,CLGIGSCNDFAGCGYAIVCFW,100,0
11500,YYGALHNTAHIVLGR,125,0
16441,IAAERRYATIYQARLWAF,125,0
886,RVHRLLRRVHRLLRRVHRLLR,128,0
3953,FLGVVFKLASKVFKAVFGKV,128,0
3960,FLKVVFKKASKVFPAVFGKV,128,0
3962,FLGVVFKKASKVFPKVFGKV,128,0
3976,FLGKVFKGVSKVFPAVFGKV,128,0
3977,FLGKVFKGAVKVFPAVFGKV,128,0
3980,FLGKVVKKASKVFPAVFGKV,128,0
3984,FLGKVFKKASKVFPAVVGKV,128,0
3987,FLKVVFKLASKVFGAVFGKV,128,0
4002,FLPVLVKVFRYSKKTAAGCF,128,0
4015,VVFRVASKVFPAVYCTVSKK,128,0
4025,GFIGKLASKVVPSVYCKVTG,128,0
4026,ALGKLASKVFPAVYCTISRK,128,0
4030,PAVFKIASKVVPSVYCKVSR,128,0
4035,VKDLAKFIAKTVAKQGGCYL,128,0
4055,LPAVFKLASKVFPAVYCKAS,128,0
4056,PSLLYKAKAVFCKPSAVAVF,128,0
4058,FKVVISKPGLSVRVGTALVT,128,0
4068,KIVKVITVKSISPASLVPVF,128,0
7678,VQLRIRVCVIRR,128,0
10879,HLRRINKLLTRIGLYRHAFG,128,0
10880,NRFTARFRRTPWRLCLQFRQ,128,0
10881,VLHTGYRKFLHRSKRFFHLR,128,0
10882,TMSLRFWRWKVR,128,0
10883,AWRWKAFRNCWRVRSSSL,128,0
10884,RSITRPVLVRRRWRVRPVF,128,0
10885,SIKILKIYFIQGKRHWSF,128,0
10886,QVRWWGRYWRRKWATCR,128,0
10887,GTAWRWHYRARS,128,0
10888,KFVRLKIYCRDKNKGRGISF,128,0
13415,AMAYLAKDNLGEKITEVITILLNRLTDRLEKYAG,128,0
13416,MDKYIRKEDLGMKMLDVAKILGRRIEKRMEYIAKK,128,0
13417,IDTYSRKDDLDKKLLEVAKIIGRRLEKRHEYLAMK,128,0
13423,IRKYLEEDNLGEKLAAVVSIYVKRLNKRLDMR,128,0
19178,CLGIGSCNDFAGCGYAVVCFW,128,0
12911,AVKKLLRWWSRWWKK,150,0
3226,TESYFVFSVGM,170,0
632,FLGALFKVASK,200,0
633,FLGALFKVASKV,200,0
635,GALFKVASKVL,200,0
636,LGALFKVASKVLP,200,0
637,GALFKVASKVLPS,200,0
638,ALFKVASKVLPSV,200,0
639,LFKVASKVLPSVK,200,0
644,WLGALFKVASK,200,0
651,FLGAWFKVASK,200,0
653,FLGALWKVASK,200,0
654,FLGALFWVASK,200,0
656,FLGALFKVWSK,200,0
664,FLGALFKVASW,200,0
665,FLGLLFKVASK,200,0
666,FLGKLFKVASK,200,0
669,FLGALFKKASK,200,0
4204,VIPFVASVAAEMMHHVYCAASKRC,200,0
9848,KKCGFFCKLKNKLKSTGSRSNIAAGTHGGTFRV,200,0
10590,RRGLFKKLRRKIKKGFKKIFKRLPPVGVGVSIPLAGRR,200,0
16457,GILDTLKQFAKGVGKDLVKGAAQ,200,0
16460,GILDTLKQFAKGVGWDLVKGAAQ,200,0
11497,GGEAVQKLVREVKDG,250,0
11498,GVARIRDLLIIESRI,250,0
11499,RIRDAIAHGYIVDKV,250,0
880,TRSSRAGLQFPVGRVHR,256,0
883,RAGLQFPVGRVHRL,256,0
3952,FLGVVFKKASKVFPAVFGKV,256,0
3963,FLGVVFKKASKVFPAVFKKV,256,0
3966,FLGVVFKGASKVFPAVFGKV,256,0
3967,FLGVVFKSASKVFPAVFGKV,256,0
3968,FLGGVFKGASKVFPAVFGKV,256,0
3969,FLGSVFKSASKVFPAVFGKV,256,0
3970,FLGVVVKLASKVFPAVFGKV,256,0
3971,FLGVVFKLVSKVFPAVFGKV,256,0
3972,FLGVVFKLAVKVFPAVFGKV,256,0
3973,FLGVVFKLASKVVPAVFGKV,256,0
3974,FLGVVFKLASKVFPAVVGKV,256,0
3975,FLGKVVKGASKVFPAVFGKV,256,0
3978,FLGKVFKGASKVVPAVFGKV,256,0
3979,FLGVVFKGASKVFPAVVGKV,256,0
3983,FLGKVFKKASKVVPAVFGKV,256,0
3986,FLGVVFKLASKVFGAVFGKV,256,0
3991,FLGVVFKLASKVFGAVFKKV,256,0
3994,GVSVAGAKKVKVLFVFPFLF,256,0
3996,RKVAPALIKSFVFLFKFKKG,256,0
3997,LGALFRVASKVFPAVISMVK,256,0
3998,SVPSVGAVLFFKRAAVMKLI,256,0
3999,LPVLFKLASKVFPAVFSSLK,256,0
4000,VSVKKVLPFAPLKSLLSFAF,256,0
4003,SFVFKLASKVVPSVFSALTR,256,0
4004,ASPTVFRSSVFLSLFVVAKK,256,0
4005,LPVVFRVASKVFPALISKLT,256,0
4006,KVFIATLVVSSFLLAKPPRV,256,0
4007,THIHMNARLLIRSPFTDPQL,256,0
4008,RKRKSDVDFEAEFELFEDDD,256,0
4009,AATGTGKTAAFALPVLERLI,256,0
4010,PYSLKNGENWLLSEEIIRYP,256,0
4011,KFDPLEGAPMARGIVLEKVG,256,0
4012,HTGRSGPATGHSGHSSTHGS,256,0
4013,ALFSLASKVVPSVFSMVTKK,256,0
4014,MVVFSVPKFKSTVAKLLSSA,256,0
4016,TAKVVVFVSFSYVVPKKRAC,256,0
4017,LSAVGKIASKVVPSVIGAFK,256,0
4018,GVSSPIVAVKFKGAVASLIK,256,0
4019,PVIGKLASKVVPSVFSMIKR,256,0
4020,SRVPLKSPVKIVGSKVMIFA,256,0
4021,GLMSLVKDIAKLAAKQGAKQ,256,0
4022,GLKKDALQSIVKKAQLAAMG,256,0
4023,SALGRVASKVFPAVYCSITK,256,0
4024,LYSPTCVKAAVSRFIGKVSA,256,0
4027,KYGPALVIAVKKSCSLTFRA,256,0
4028,PVVFSVASKVVPSLISALKR,256,0
4029,KSPFVLVVSSRVAAVIKSLP,256,0
4031,KVYVVKIAVPCFPKSARSVS,256,0
4032,GALFGLASKVFPAVFGAFKK,256,0
4033,SAVGKLASKVFPAVFSMVTK,256,0
4034,FMKVLAVFGSVVTSAPKASK,256,0
4036,ALVYAGIKKTAFLKVQKCDG,256,0
4037,GVVGKLASKVVPSVFGSFTK,256,0
4038,SVKPVGSSVVKGTALVKFFG,256,0
4039,SAVGSVASKVVPSLISKVTK,256,0
4040,STVKVASKLAVVVSPISKGS,256,0
4041,MKSIAKFIAKTVAKQGAKQG,256,0
4042,AKKAQKSGAQTIVKIFAKGM,256,0
4043,LPAVFKLASKVVPSVFGLVK,256,0
4044,VVAKKFFVLVKGLAPVLSPS,256,0
4045,SVIGKIASKVVPSVYCAISK,256,0
4046,IASAVPVCVKGKISKSYISV,256,0
4047,PVVGRVASKVFPAVIGLVKK,256,0
4048,VKRAGKGVAVVPSPLFKIVV,256,0
4049,LSFVGRVASKVVPSLISMIK,256,0
4050,SSSIPIKMVLVRALVFVKSG,256,0
4051,SALGRLASKVVPAVIGKVTT,256,0
4052,TLVGVVAKLVATKIGSSPRA,256,0
4053,LGVVGSLASKVVPAVISKVK,256,0
4054,PKVVGLSIVVVKAKVSSALG,256,0
4057,VVGRVASKVVPSLIGLFTTK,256,0
4059,SVVFGVASKVVPSVIGKVKT,256,0
4060,VFSVKGGKPSVVIKVVVAST,256,0
4061,FLPFVGRIASKVVPSVIGKV,256,0
4063,SKFPLAGIFSVPGVKRVVVI,256,0
4064,VIAFAKTKEAKAKLKGQAKG,256,0
4065,FVGSLASKVVPSVFGAIKTK,256,0
4066,KTVPVVLKASIKVSSAGFGF,256,0
4067,LPVVFKIASKVVPSVISKIT,256,0
4069,GAVFGVASKVVPSVFSAIKK,256,0
4070,SVKVAKSVIPSAVFAGGKVF,256,0
4071,FVGGVASKVVPSVYCKVSKK,256,0
4072,KVGKGSYPCSFVKVVAKVSV,256,0
4073,VVFKLASKVVPSVYCTITKK,256,0
4074,VKTKCSVPAVVYILVKTFKS,256,0
4075,GALFSLASKVVPAVIGLIKK,256,0
4076,LPVLFSSAIAKVGIKLGAKV,256,0
7234,NSQIRPLPDKGLDLSIRDASIKIRGKWKARKNFIK,256,0
7235,VRIHISGSSLGWLIQLFRKRIESLLQKS,256,0
18036,KWKKPKLLKKLLK,256,0
606,ALWMTLLKKVLKAAAKAALNAVLVGANA,295.97,0
4106,CLRIGMRGRELMGGIGKTM,300,0
17768,HLPLPLLQPLMQQVPQPI,3000,0
17769,LLNPTHQIYPVTQPLAPVHNPIS,3000,0
17773,YANPAVVRPHAQIPQR,3000,0
17775,EKFGKDKSPKFQ,3000,0
